resource_id,container,offset,size,type,width,height,sha256
0,r0,188,147,png,25,25,ca38db53dac3adebb3b500991ac910555cc72ecae32c218d7399e1bdfba3a08e
1,r0,335,171,png,8,24,c4b6de8dc19ed97bedaf6cb0b3af569c0177e11ff15d66a98df1f597fad788b5
2,r0,506,136,png,14,10,9f6a5cc7c2445f21d5307e0a9c4cfc84f1fe3a7caf85b5df9467cf84febe65eb
3,r0,642,141,png,14,10,5658376994a411a02915e9f8ed9c67cb84312a62197c35beeffca146d4f02959
4,r0,783,134,png,14,10,4c0cb3abd9d0ea70bcb8dd77a66e4fb45edc23bad7089a4fdf250a6ce2f3bf7b
5,r0,917,144,png,14,10,9a7ef0e6a83114c285dffa15e4dca268f405bca4e710f2dfc98adc49a95e88a2
6,r0,1061,144,png,14,10,6b78ac53246b262372580433fcf29f10397ae664e49c11738cfb720843ec9556
7,r0,1205,632,png,109,26,24a084f5b642c31f0219d1207d194f0f42fa7bc5d72c6a0aeecec52c545f922e
8,r0,1837,170,png,7,5,feab9004a516c10da134fa43bd96c6c37cedd4e107fb484c7e4b65f08ae27988
9,r0,2007,483,png,82,32,93ca119ea241fc18f2c128632274b009cf3ff9645679c20cd36cdc4d7fc51a34
10,r0,2490,244,png,41,10,bacd1aaf2536594769b971e2ca5fb8d672ca72d733daade15d69ff2283bad8e9
11,r0,2734,633,png,190,23,9903ca767064fdb67c4f7b4561e3f691017311d4bd70e20b301ca3923600f20c
12,r0,3367,689,png,190,23,df77ab2efb95791363a9bea1b83b77a0f3766da9b8cb2845493fc1851ae1e201
13,r0,4056,335,png,55,12,34dffe2c2cd864862552c5022003cdc2882d76a16df6deaea1ac145afa420c43
14,r0,4391,213,png,70,7,e1f1c8fc77c37c6373846269864c067046a505cfcfd7699fd4191022f98ec13b
15,r0,4604,202,png,60,7,940589e645a888b5fd98807d6e81d456e7d36905fb03068dc2f6dee3814274eb
16,r0,4806,200,png,55,7,2ce8dda4ee7528578d8b591e83d4fa105ef22eb73a03c7486448a45b6b0844c6
17,r0,5006,213,png,7,19,5292b7ab3d4101669e15dbba716d1fd7425a75a7b51073bca9a31b1151022f39
18,r0,5219,219,png,60,6,15643bb41a72e0c1368fdf05956b0a61b64cdef084687842c73cf59feefc0180
19,r0,5438,242,png,13,28,a789d395ffee4fef9a3d0b06d3afb2dc51c92d143b1c7222b6dbb3f400303328
20,r0,5680,157,png,12,23,ead0b33fc3b30c554e4e36e77c3c28c30db35d1a5dcd12564a82e1b2e603f2ec
21,r0,5837,207,png,30,9,a63eef4030c3aa7d9c67e61312210b033a700178e2014aac1a8355ad53e63652
22,r0,6044,221,png,26,11,a8c43f56ec1bc62d5d1e0b9f1535374fa482a07add6692b9df85a157ea70c0ce
23,r0,6265,193,png,21,21,daa1af5346a6f972c832da5e283320e4648363118414199fd1e49790ce85343a
24,r0,6458,398,png,60,14,8f0be8209f89ed3f8781042c2f9a61d0000c43e306713b55d515b5cca747f46b
25,r0,6856,457,png,64,16,25650db7a75399ffc8e1a2fd1e89b3aa97fb270372a92e074ec8864b935df028
26,r0,7313,523,png,68,17,1a376fe1657929958c368bee1819b70a5616fc3c91b0dfec6322dbb1bac38197
27,r0,7836,531,png,76,19,99a0a46567ee1e4b808dee5125a2a576c9acc1b8c753e13c460ba0aa1072a0f1
28,r0,8367,275,png,115,23,402aca305de3ea70396a70cea478e6013b3324b30e595f8435a9174685efb3ff
29,r0,8642,940,png,132,22,0f93f7d33a4284d552d46eb3f28d266cd8dee69bd2ca518d60dc75c2aaa0d6c0
30,r0,9582,271,png,90,16,8e4a3a2668cb895653e822a667a15e0d4034546f62bc0844ba8c90b4d98e345f
31,r0,9853,453,png,84,27,e9891120773f2d77dad3474a1af1fea03e0ec924cee7d6a9e579f5d65a432e60
32,r0,10306,277,png,20,27,a55d284a5de5b322deb728e31c3062dcb898c0548f96871fd93d704a315788f0
33,r0,10583,202,png,29,27,fded44cb65fa979452292e419fca0e9d61b9cfb9e62efbb419badc325b82af87
34,r0,10785,367,png,34,34,ff8f080e9e67308bdef0f3548e819ddd302d4a074d372104802f0e8cd090b34f
35,r0,11152,165,png,27,10,d74e362d18853a8ce37c488e539ff8f1a087040dd69d609273a7b0e0249774ef
36,r0,11317,1089,png,87,65,1df6f61e6c1fea74667f306f1edcee60399bfdfb8a91aa298e1d96f6127fa0c9
37,r0,12406,3847,midi,,,41579c7e0eb5306c5d33da3a71de295aa96f4ed112bece926c7bb744cb7f04c7
38,r0,16253,10397,midi,,,57f53fff1b613b3507746efa7ccbca75bf5495d52d3cc53c236961ca9f27d6b6
39,r0,26650,5098,midi,,,a46c81c6bf10e121c95bf05a51a7a7077a2ddaf1a13bf3431779bad8b715aee4
40,r0,31748,2006,midi,,,05a1ee36263a7e6ec3b6eb99ed6168507f56fd8a8212a06fc2a87e429022d1be
41,r0,33754,321,midi,,,f2648247987eb42f4ce52f18839fed2d7b03338b7e7e64d75227807b2dfdd701
42,r0,34075,537,midi,,,537b9bb93a4cf76d2ca5e22e04e9f32c3c2de081c4bfb492132c6894e0fbcbed
43,r0,34612,686,binary,,,628b5cb3d124f16d155f086adc1166c415768295fbbbb0928ed45dd59cc8bf52
44,r0,35298,1347,binary,,,e4d9b330cd4f9a1201e082baaa7a0641fd9727c7a992ebb57d7870ac1b128df5
45,external,,121614,m3g,,,41f755aeeeeb42a7cd1c9acaf642a4609e4d7993d910cf5c5fe6b217cba79ae1
